{
  "metrics": [
    {
      "metric": "DatasetDriftMetric",
      "result": {
        "drift_share": 0.5,
        "number_of_columns": 1,
        "number_of_drifted_columns": 1,
        "share_of_drifted_columns": 1.0,
        "dataset_drift": true
      }
    },
    {
      "metric": "DataDriftTable",
      "result": {
        "number_of_columns": 1,
        "number_of_drifted_columns": 1,
        "share_of_drifted_columns": 1.0,
        "dataset_drift": true,
        "drift_by_columns": {
          "Amount": {
            "column_name": "Amount",
            "column_type": "num",
            "stattest_name": "Wasserstein distance (normed)",
            "stattest_threshold": 0.05,
            "drift_score": 602.226244420893,
            "drift_detected": true,
            "current": {
              "small_distribution": {
                "x": [
                  0.010410246780186,
                  493.57349115210644,
                  987.1365720574328,
                  1480.6996529627588,
                  1974.2627338680852,
                  2467.825814773412,
                  2961.3888956787378,
                  3454.951976584064,
                  3948.5150574893905,
                  4442.078138394717,
                  4935.641219300043
                ],
                "y": [
                  0.0016208667766085475,
                  0.0,
                  6.88868380058633e-05,
                  4.862600329825642e-05,
                  5.2678170239777766e-05,
                  2.8365168590649603e-05,
                  2.431300164912821e-05,
                  5.2678170239777786e-05,
                  5.2678170239777786e-05,
                  7.699117188890599e-05
                ]
              }
            },
            "reference": {
              "small_distribution": {
                "x": [
                  -0.3532293929668235,
                  9.918317817258282,
                  20.18986502748339,
                  30.461412237708494,
                  40.7329594479336,
                  51.00450665815871,
                  61.27605386838381,
                  71.54760107860892,
                  81.81914828883403,
                  92.09069549905914,
                  102.36224270928425
                ],
                "y": [
                  0.09721616439131656,
                  0.00012159528691630787,
                  1.3185031111406879e-05,
                  2.930006913645972e-06,
                  9.76668971215324e-07,
                  0.0,
                  0.0,
                  9.76668971215324e-07,
                  0.0,
                  4.88334485607662e-07
                ]
              }
            }
          }
        },
        "current_fi": null,
        "reference_fi": null
      }
    }
  ]
}