{
  "metrics": [
    {
      "metric": "DatasetDriftMetric",
      "result": {
        "drift_share": 0.5,
        "number_of_columns": 1,
        "number_of_drifted_columns": 1,
        "share_of_drifted_columns": 1.0,
        "dataset_drift": true
      }
    },
    {
      "metric": "DataDriftTable",
      "result": {
        "number_of_columns": 1,
        "number_of_drifted_columns": 1,
        "share_of_drifted_columns": 1.0,
        "dataset_drift": true,
        "drift_by_columns": {
          "Amount": {
            "column_name": "Amount",
            "column_type": "num",
            "stattest_name": "Wasserstein distance (normed)",
            "stattest_threshold": 0.05,
            "drift_score": 0.9593249410967356,
            "drift_detected": true,
            "current": {
              "small_distribution": {
                "x": [
                  4.150312953419728e-05,
                  2.2306537524513983,
                  4.461266001773263,
                  6.691878251095127,
                  8.922490500416991,
                  11.153102749738856,
                  13.38371499906072,
                  15.614327248382583,
                  17.84493949770445,
                  20.075551747026314,
                  22.30616399634818
                ],
                "y": [
                  0.4025800540963603,
                  0.02600182977459788,
                  0.0134492222972058,
                  0.00179322963962744,
                  0.0017932296396274393,
                  0.0008966148198137204,
                  0.0008966148198137204,
                  0.0,
                  0.0,
                  0.0008966148198137196
                ]
              }
            },
            "reference": {
              "small_distribution": {
                "x": [
                  -0.3532293929668235,
                  9.918317817258282,
                  20.18986502748339,
                  30.461412237708494,
                  40.7329594479336,
                  51.00450665815871,
                  61.27605386838381,
                  71.54760107860892,
                  81.81914828883403,
                  92.09069549905914,
                  102.36224270928425
                ],
                "y": [
                  0.09721616439131656,
                  0.00012159528691630787,
                  1.3185031111406879e-05,
                  2.930006913645972e-06,
                  9.76668971215324e-07,
                  0.0,
                  0.0,
                  9.76668971215324e-07,
                  0.0,
                  4.88334485607662e-07
                ]
              }
            }
          }
        },
        "current_fi": null,
        "reference_fi": null
      }
    }
  ]
}